item,correlation,pvalue
B-2,0.7039144092114435,0.0005327596758794909
B-3,0.6983799021553295,0.0006152569053040584
B-4,0.5072624236093932,0.022434636845993044
B-5,0.08240856434303291,0.7297934112335339
B-6,0.04357446703305948,0.8594098779692616
B-9,0.6114627604466544,0.004174407003608399
