,item,correlation,pvalue
0,B-2,0.7039144092114435,0.0005327596758794909
0,B-3,0.6983799021553296,0.0006152569053040563
0,B-4,0.5072624236093932,0.022434636845993044
0,B-5,0.0824085643430329,0.7297934112335339
0,B-9,0.6114627604466544,0.004174407003608399
