,item,correlation,pvalue
0,B-2,0.6419681577600944,0.002276401450176457
0,B-3,0.5892166906494969,0.006261619929246776
0,B-4,0.5433061468001298,0.01329566389632621
0,B-5,0.17099639201419234,0.47102338821469536
0,B-6,,
0,B-9,0.5364648332684544,0.014746481763536734
